Workbook
Name NativeTimeline_OrderDate: #N/A

Sheet Tables
A3: Sum of Revenue | B3: Column Labels | H3: Row Labels | I3: Sum of Revenue
A4: Row Labels | B4: Electronics | C4: Furniture | D4: Office Supplies | E4: Formula1 | F4: Grand Total | H4: Standard | I4: 8127722.3
A5: Large | D5: 391312.6 | F5: 391312.6 | H5: VIP | I5: 5515541
A6: Medium | C6: 1392352.2 | D6: 255444.04 | F6: 1647796.2 | H6: Grand Total | I6: 13643263
A7: Small | B7: 9037248.6 | C7: 2411662.8 | D7: 155242.98 | F7: 11604154
A8: Grand Total | B8: 9037248.6 | C8: 3804015 | D8: 801999.62 | F8: 13643263
A12: Row Labels | B12: Sum of Revenue | D12: Count of High Value Orders | E12: Column Labels
A13: Weekday | B13: 10019224 | D13: Row Labels | E13: Weekday | F13: Weekend | G13: Grand Total
A14: Weekend | B14: 3624038.8 | D14: Large | E14: 186 | F14: 89 | G14: 275
A15: Grand Total | B15: 13643263 | D15: Medium | E15: 245 | F15: 103 | G15: 348
D16: Small | E16: 656 | F16: 246 | G16: 902
D17: Grand Total | E17: 1087 | F17: 438 | G17: 1525
A19: Row Labels | B19: Sum of Revenue
A20: 2023-01 | B20: 580446.73
A21: 2023-02 | B21: 506251.49 | D21: Sum of Quantity | E21: Column Labels
A22: 2023-03 | B22: 523589.61 | D22: Row Labels | E22: East | F22: North | G22: South | H22: West | I22: Grand Total
A23: 2023-04 | B23: 421703.06 | D23: Large | E23: 1343 | F23: 1454 | G23: 1812 | H23: 1642 | I23: 6251
A24: 2023-05 | B24: 546820.01 | D24: Medium | E24: 908 | F24: 643 | G24: 806 | H24: 665 | I24: 3022
A25: 2023-06 | B25: 605649.98 | D25: Small | E25: 681 | F25: 723 | G25: 657 | H25: 627 | I25: 2688
A26: 2023-07 | B26: 511926.46 | D26: Grand Total | E26: 2932 | F26: 2820 | G26: 3275 | H26: 2934 | I26: 11961
A27: 2023-08 | B27: 457660.81
A28: 2023-09 | B28: 495722.26
A29: 2023-10 | B29: 539724.15
A30: 2023-11 | B30: 475748.64
A31: 2023-12 | B31: 481114.11
A32: 2024-01 | B32: 462414.78
A33: 2024-02 | B33: 742981.47
A34: 2024-03 | B34: 704845.32
A35: 2024-04 | B35: 662612.54
A36: 2024-05 | B36: 615190.08
A37: 2024-06 | B37: 494026.59
A38: 2024-07 | B38: 690526.87
... A44: Grand Total | B44: 13643263

Sheet Dashboard
T3: Revenue | U3: Values
T4: Total | U4: =SUM(sales_data!F:F) -> 13643263
T5: Average | U5: =AVERAGE(sales_data!F:F) -> 8946.4021
T6: Median | U6: =MEDIAN(sales_data!F:F) -> 3168.55
T7: Maximum | U7: =MAX(sales_data!F:F) -> 44972.31
T8: Minimum | U8: =MAX(sales_data!F:F) -> 44972.31

Sheet sales_data
A1: OrderID | B1: OrderDate | C1: CustomerName | D1: Region | E1: ProductCategory | F1: Revenue | G1: Quantity | H1: Status | I1: Year_month | J1: Unit Price | K1: Order Size | L1: High Value Orders | M1: Week
A2: ORD-01255 | B2: 45522 | C2: Gaurav Mishra | D2: South | E2: Furniture | F2: 0 | G2: 3 | H2: Returned | I2: =TEXT(B2, "YYYY-MM") -> 2024-08 | J2: =IFERROR(F2/G2, 0) -> 0 | K2: {=_xlfn.IFS(G2<=5, "Small", G2<=15, "Medium", G2>15, "Large")} -> Small | L2: =IF(F2>_xlfn.PERCENTILE.INC($F$2:$F$10000, 0.9), "VIP", "Standard") -> Standard | M2: =IF(WEEKDAY(B2, 2)>5, "Weekend", "Weekday") -> Weekend
A3: ORD-01314 | B3: 45222 | C3: Aakash Bhat | D3: South | E3: Furniture | F3: 5911.62 | G3: 6 | H3: Active | I3: =TEXT(B3, "YYYY-MM") -> 2023-10 | J3: =IFERROR(F3/G3, 0) -> 985.27 | K3: {=_xlfn.IFS(G3<=5, "Small", G3<=15, "Medium", G3>15, "Large")} -> Medium | L3: =IF(F3>_xlfn.PERCENTILE.INC($F$2:$F$10000, 0.9), "VIP", "Standard") -> Standard | M3: =IF(WEEKDAY(B3, 2)>5, "Weekend", "Weekday") -> Weekday
A4: ORD-01042 | B4: 45167 | C4: Rajesh Choudhury | D4: South | E4: Office Supplies | F4: 899.44 | G4: 20 | H4: Active | I4: =TEXT(B4, "YYYY-MM") -> 2023-08 | J4: =IFERROR(F4/G4, 0) -> 44.972 | K4: {=_xlfn.IFS(G4<=5, "Small", G4<=15, "Medium", G4>15, "Large")} -> Large | L4: =IF(F4>_xlfn.PERCENTILE.INC($F$2:$F$10000, 0.9), "VIP", "Standard") -> Standard | M4: =IF(WEEKDAY(B4, 2)>5, "Weekend", "Weekday") -> Weekday
A5: ORD-01709 | B5: 44934 | C5: Ajay Rastogi | D5: North | E5: Office Supplies | F5: 74.82 | G5: 21 | H5: Active | I5: =TEXT(B5, "YYYY-MM") -> 2023-01 | J5: =IFERROR(F5/G5, 0) -> 3.5628571 | K5: {=_xlfn.IFS(G5<=5, "Small", G5<=15, "Medium", G5>15, "Large")} -> Large | L5: =IF(F5>_xlfn.PERCENTILE.INC($F$2:$F$10000, 0.9), "VIP", "Standard") -> Standard | M5: =IF(WEEKDAY(B5, 2)>5, "Weekend", "Weekday") -> Weekend
A6: ORD-01484 | B6: 45600 | C6: Divya Kaur | D6: North | E6: Office Supplies | F6: 1110.91 | G6: 7 | H6: Active | I6: =TEXT(B6, "YYYY-MM") -> 2024-11 | J6: =IFERROR(F6/G6, 0) -> 158.70143 | K6: {=_xlfn.IFS(G6<=5, "Small", G6<=15, "Medium", G6>15, "Large")} -> Medium | L6: =IF(F6>_xlfn.PERCENTILE.INC($F$2:$F$10000, 0.9), "VIP", "Standard") -> Standard | M6: =IF(WEEKDAY(B6, 2)>5, "Weekend", "Weekday") -> Weekday
A7: ORD-01443 | B7: 45392 | C7: Geeta Pandey | D7: West | E7: Electronics | F7: 0 | G7: 1 | H7: Cancelled | I7: =TEXT(B7, "YYYY-MM") -> 2024-04 | J7: =IFERROR(F7/G7, 0) -> 0 | K7: {=_xlfn.IFS(G7<=5, "Small", G7<=15, "Medium", G7>15, "Large")} -> Small | L7: =IF(F7>_xlfn.PERCENTILE.INC($F$2:$F$10000, 0.9), "VIP", "Standard") -> Standard | M7: =IF(WEEKDAY(B7, 2)>5, "Weekend", "Weekday") -> Weekday
A8: ORD-02004 | B8: 45160 | C8: Sneha Gupta | D8: East | E8: Furniture | F8: 15696.99 | G8: 7 | H8: Active | I8: =TEXT(B8, "YYYY-MM") -> 2023-08 | J8: =IFERROR(F8/G8, 0) -> 2242.4271 | K8: {=_xlfn.IFS(G8<=5, "Small", G8<=15, "Medium", G8>15, "Large")} -> Medium | L8: =IF(F8>_xlfn.PERCENTILE.INC($F$2:$F$10000, 0.9), "VIP", "Standard") -> Standard | M8: =IF(WEEKDAY(B8, 2)>5, "Weekend", "Weekday") -> Weekday
A9: ORD-01927 | B9: 45279 | C9: Arjun Reddy | D9: South | E9: Office Supplies | F9: 3453.15 | G9: 13 | H9: Active | I9: =TEXT(B9, "YYYY-MM") -> 2023-12 | J9: =IFERROR(F9/G9, 0) -> 265.62692 | K9: {=_xlfn.IFS(G9<=5, "Small", G9<=15, "Medium", G9>15, "Large")} -> Medium | L9: =IF(F9>_xlfn.PERCENTILE.INC($F$2:$F$10000, 0.9), "VIP", "Standard") -> Standard | M9: =IF(WEEKDAY(B9, 2)>5, "Weekend", "Weekday") -> Weekday
A10: ORD-01948 | B10: 45041 | C10: Tarun Mukerjee | D10: East | E10: Office Supplies | F10: 2599.44 | G10: 22 | H10: Active | I10: =TEXT(B10, "YYYY-MM") -> 2023-04 | J10: =IFERROR(F10/G10, 0) -> 118.15636 | K10: {=_xlfn.IFS(G10<=5, "Small", G10<=15, "Medium", G10>15, "Large")} -> Large | L10: =IF(F10>_xlfn.PERCENTILE.INC($F$2:$F$10000, 0.9), "VIP", "Standard") -> Standard | M10: =IF(WEEKDAY(B10, 2)>5, "Weekend", "Weekday") -> Weekday
A11: ORD-02297 | B11: 45637 | C11: Kavya Nair | D11: North | E11: Electronics | F11: 41424.92 | G11: 4 | H11: Active | I11: =TEXT(B11, "YYYY-MM") -> 2024-12 | J11: =IFERROR(F11/G11, 0) -> 10356.23 | K11: {=_xlfn.IFS(G11<=5, "Small", G11<=15, "Medium", G11>15, "Large")} -> Small | L11: =IF(F11>_xlfn.PERCENTILE.INC($F$2:$F$10000, 0.9), "VIP", "Standard") -> VIP | M11: =IF(WEEKDAY(B11, 2)>5, "Weekend", "Weekday") -> Weekday
A12: ORD-01563 | B12: 45632 | C12: Arjun Reddy | D12: South | E12: Furniture | F12: 1178.82 | G12: 4 | H12: Active | I12: =TEXT(B12, "YYYY-MM") -> 2024-12 | J12: =IFERROR(F12/G12, 0) -> 294.705 | K12: {=_xlfn.IFS(G12<=5, "Small", G12<=15, "Medium", G12>15, "Large")} -> Small | L12: =IF(F12>_xlfn.PERCENTILE.INC($F$2:$F$10000, 0.9), "VIP", "Standard") -> Standard | M12: =IF(WEEKDAY(B12, 2)>5, "Weekend", "Weekday") -> Weekday
A13: ORD-01346 | B13: 45484 | C13: Kiran Nambiar | D13: West | E13: Electronics | F13: 11740.03 | G13: 3 | H13: Active | I13: =TEXT(B13, "YYYY-MM") -> 2024-07 | J13: =IFERROR(F13/G13, 0) -> 3913.3433 | K13: {=_xlfn.IFS(G13<=5, "Small", G13<=15, "Medium", G13>15, "Large")} -> Small | L13: =IF(F13>_xlfn.PERCENTILE.INC($F$2:$F$10000, 0.9), "VIP", "Standard") -> Standard | M13: =IF(WEEKDAY(B13, 2)>5, "Weekend", "Weekday") -> Weekday
... A1526: ORD-02463 | B1526: 45054 | C1526: Aakash Bhat | D1526: South | E1526: Electronics | F1526: 0 | G1526: 5 | H1526: Cancelled | I1526: =TEXT(B1526, "YYYY-MM") -> 2023-05 | J1526: =IFERROR(F1526/G1526, 0) -> 0 | K1526: {=_xlfn.IFS(G1526<=5, "Small", G1526<=15, "Medium", G1526>15, "Large")} -> Small | L1526: =IF(F1526>_xlfn.PERCENTILE.INC($F$2:$F$10000, 0.9), "VIP", "Standard") -> Standard | M1526: =IF(WEEKDAY(B1526, 2)>5, "Weekend", "Weekday") -> Weekday
